Roll No.,Name,Allocated Courses
22510030,Demi Baldwin,"['CL 628', 'ES 415']"
22510221,Jaiden Wheeler,"['ES 243', 'EH 614']"
19520735,Sydney Khan,"['CL 628', 'MS 404']"
23520174,Kendrick Walsh,"['ES 623', 'ES 415']"
21510520,Leia Hendrix,['EH 614']
23520036,Korbyn McCullough,"['ES 623', 'ES 415']"
22520898,Hana Powers,"['ES 613', 'CE 624']"
19510887,Sean Mercado,['MA 624']
23520523,Mckinley Carlson,['CH 401']
23510904,Paul Flowers,['EH 617']
23510281,Ariya Arnold,['CL 221']
23510015,Abraham Morton,"['ME 636', 'EH 614']"
19110504,Mallory Meadows,['CL 628']
23510553,Wayne Lopez,['EH 617']
23520636,Gianna Ochoa,['HS 643']
23520746,Winston Mata,"['ES 613', 'HS 632']"
19110804,Lillie Barrett,['ES 243']
21520721,Angelo Holmes,"['ES 243', 'ES 415']"
21110964,Bailey Kirk,['CS 303']
19510070,Alessandro Wise,"['CL 628', 'ES 623']"
22510816,Mira Day,"['CE 304', 'MS 404']"
19110323,Kayson Brown,['HS 643']
20510435,Charlotte Bean,['CL 221']
20520162,Mccoy Conway,['MSE 310']
23510671,Ryann Hogan,['MSE 401']
23510641,Sonny Mayo,['HS 649']
23520708,Aarya Hunter,['MSE 401']
19110646,Archer Bowman,['MSE 310']
23520213,Fiona Sheppard,['ES 613']
22510859,Trent Espinoza,"['ES 613', 'HS 649']"
20510236,Lucille Leblanc,"['CH 401', 'ES 413']"
20510017,Braden Dodson,['MSE 401']
19520290,Etta Jaramillo,"['CS 303', 'CE 636']"
23510069,Riggs Aguirre,['ME 321']
22110658,Ariah Morris,['MA 603']
22510701,Christian Chan,"['EH 617', 'ES 415']"
23510697,Hattie Lawrence,['HS 649']
23110352,Kaleb Stafford,['CG 506']
19510062,Bridget Sims,['MSE 625']
23520990,Brian Simmons,['PH 607']
20510626,Reagan Byrd,['PH 607']
20510021,Cristian Pruitt,['ES 415']
23520455,Brylee Chung,['ES 623']
20520199,Ira Raymond,['EH 617']
23520118,Hadlee Curtis,['ME 321']
20510344,Muhammad Cook,['MSE 310']
20110881,Aaliyah Solis,"['EH 617', 'HS 632']"
22510364,Ronin Hodges,['MSE 625']
22510109,Eve Olson,['CL 221']
20510078,Malachi McCarty,"['CE 636', 'EH 614']"
19520683,Halo Thomas,['CL 221']
22520178,Logan Castaneda,['CL 628']
23110483,Keira Herrera,['MSE 209']
21510977,River Barker,['CS 303']
23110225,Remington Lugo,['HS 643']
22520070,Santos Rios,"['EH 617', 'MA 605']"
23510265,Brooke Ali,['MSE 209']
20520832,Arjun Waller,['HS 649']
21510379,Whitley Leblanc,['MSE 209']
21510097,Braden Doyle,['EH 617']
21110402,Annalise Wilkins,['MA 603']
21520370,Yusuf Peterson,"['HS 643', 'EH 614']"
21510406,Caroline Nielsen,"['HS 643', 'CL 604']"
23510379,Tru Sloan,"['MSE 209', 'ES 415']"
23520821,Selene Thomas,"['ME 636', 'HS 649']"
19110953,Logan Banks,"['MA 624', 'CH 401']"
20510157,Cali Newton,['EH 614']
19510118,Santino Griffin,"['ME 321', 'CH 401']"
21110311,Charlie Horn,"['HS 649', 'HS 632']"
20110051,Wilson Woodard,['HS 643']
19110267,Aubrie Henry,"['HS 649', 'CL 628']"
19510913,Carlos Oliver,['HS 643']
21510816,Camille Barajas,['PH 607']
22110087,Brennan Ventura,['CL 604']
22110720,Zora Blake,['EH 617']
20520272,Zyaire Kerr,['ES 415']
20110887,Baylee Bruce,['MA 624']
22510869,Uriah Owen,"['MA 605', 'HS 632']"
21520865,Mikayla Warren,"['HS 643', 'MSE 625']"
21110758,Abel Garrison,['CH 401']
19520614,Cadence Mack,['ES 415']
21510674,Esteban Dudley,"['CL 604', 'ES 415']"
23110493,Hadleigh Neal,['MSE 310']
19110465,Kane Ray,"['CL 604', 'HS 649']"
22510808,Ruth Hancock,['HS 632']
21110656,Rex Thompson,['EH 617']
23110482,Madison Olsen,['CL 628']
21510935,Skyler Mann,['ES 613']
23510358,Paislee Butler,['MSE 401']
19110156,Ryder Santana,['ES 623']
22520473,Myra Goodwin,"['MSE 209', 'HS 632']"
21510547,Kaison Mosley,['ES 613']
20520109,Zaniyah Larsen,['ES 613']
20510440,Brycen Conley,['PH 607']
20110822,Salem Wall,['CL 604']
22110481,Issac Frost,"['MSE 401', 'EH 614']"
23510782,Paula Esquivel,['EH 614']
20520763,Bridger Bravo,['ES 623']
19110222,Amoura Stephens,"['MA 624', 'ES 623']"
19520697,Messiah Combs,['MSE 625']
20520945,Irene Marks,['ES 243']
22510094,Amos Santana,"['MSE 401', 'MA 605']"
20520570,Myra Bullock,"['ES 243', 'MSE 625']"
19110436,Ben Harrison,['CH 401']
19510622,Jasmine Greene,['CS 303']
20520020,Griffin Hebert,['EH 617']
21520825,Kyleigh Hardin,['PH 607']
20110668,Hassan Travis,['ES 243']
22520869,Mazikee Leach,['EH 614']
22520981,Westin Reyes,"['ES 623', 'CS 303']"
23520954,Audrey Khan,"['CS 303', 'MA 605']"
19510749,Kendrick Mullins,['MA 624']
19110868,Maliyah Barrett,['MS 404']
23510429,Angelo Wilson,"['ES 613', 'PH 607']"
20510894,Luna King,"['MSE 209', 'CH 401']"
23510802,Julian Arellano,"['CH 401', 'CE 304']"
19510755,Faye Burch,['ME 636']
23510193,Gerald McCoy,"['MSE 209', 'CH 401']"
20510279,Mckenzie Villalobos,"['MA 603', 'HS 649']"
19520056,Reuben Best,['CS 303']
19510181,Lexie Stevens,['CG 506']
20510305,Zachary Richardson,"['ME 636', 'CE 636']"
23510086,Allison Corona,['HS 643']
19110716,Darian Kramer,['CH 401']
19520896,Hanna Escobar,"['MSE 209', 'MA 605']"
23510917,Zachariah French,['HS 643']
21510065,Lorelai Trevino,['ME 321']
23110847,Jaime Pearson,['ES 623']
19520694,Kiara Carpenter,['HS 632']
22110986,Jeremy Hoover,['CL 628']
19510767,Virginia Kennedy,"['ME 321', 'CE 624']"
20510743,Maxwell Arnold,['ME 321']
19510945,Finley Roy,"['MSE 209', 'MA 605']"
20520818,Marcelo Gonzales,"['HS 643', 'CE 304']"
22510208,Hadley Nava,"['ME 321', 'EH 614']"
23520506,Stefan Martin,"['CE 624', 'MS 404']"
23510492,Mila Peck,"['MSE 625', 'CE 304']"
21110690,Yousef Barajas,"['MA 624', 'CH 401']"
21510363,Keilani Jensen,['ME 636']
21110569,Cash Hutchinson,['ME 321']
23510094,Jamie Espinosa,"['MA 624', 'ES 623']"
20510766,Khalid Glenn,"['HS 643', 'MA 605']"
19520299,Blaire Melton,['ES 613']
19510540,Lennon Greer,['CL 221']
20510007,Reina Compton,['MA 624']
19110070,Abner Reese,['HS 632']
20110290,Rosemary Hickman,['ES 613']
19110563,Jakobe Casey,['ME 636']
21510241,Sylvia Butler,['MA 624']
22510793,Ryder Crane,['EH 617']
22520823,Della Colon,"['CL 221', 'CE 304']"
22110117,Bruce Villegas,['MA 603']
21510170,Jessie Villegas,['ME 321']
22510770,Clyde Pace,['EH 617']
20510860,Giana Dorsey,"['MA 603', 'ES 415']"
19510296,Enoch Guerrero,"['CH 401', 'CE 304']"
20110789,Margot Hartman,"['ES 243', 'MA 605']"
19520280,Baker Parrish,"['ES 613', 'HS 649']"
19520975,Tiana Davila,"['CL 221', 'CE 304']"
23110701,Grey Rivers,"['ME 321', 'CL 628']"
20510684,Kiana Roy,"['HS 643', 'CL 628']"
21510690,Marcelo Pham,['EH 614']
23510731,Raelyn Arroyo,['ES 243']
23510181,Alberto Raymond,"['CE 636', 'ES 623', 'ES 415']"
20110152,Hadlee Pearson,['ES 415']
20520026,Gunner King,"['MSE 209', 'CL 628']"
22520132,Victoria McCormick,['CL 628']
19110275,Jasiah Stout,"['MSE 209', 'HS 649']"
20520523,Chana Knight,"['ES 243', 'MA 605']"
22110970,Beckett Daniels,['CL 604']
23110533,Ember Kemp,['ES 623']
21110984,Melvin Maxwell,"['MSE 310', 'EH 614']"
22520048,Kyla Mullins,['MSE 625']
22510212,Allen Franco,['ES 613']
21510796,Charleigh James,"['MA 603', 'MA 605']"
20510321,Jaxson Spence,['PH 607']
23520240,Aislinn Bell,['CL 221']
23510969,Emmett McMahon,['CS 303']
19510973,Belen Dennis,['EH 617']
20510377,Emanuel Castaneda,"['PH 607', 'ME 636']"
19510463,Keira Golden,['CG 506']
19510312,Amias Burton,['EH 614']
21520387,Miriam Gilbert,"['MA 605', 'CG 506', 'ES 415']"
19510649,Tobias Crane,['MA 605']
23520677,Della Salinas,"['CL 221', 'ES 623']"
20110729,Edgar Norton,['HS 632']
20510830,Kylee Morse,"['ES 243', 'MSE 625']"
19110415,Bode Vincent,['MSE 625']
19110700,Allyson Moyer,"['ME 321', 'ES 623']"
22510521,Ahmir Suarez,"['MSE 401', 'HS 632']"
23520530,Jimena Moses,"['CE 304', 'ES 413']"
20110889,Niklaus Tyler,"['MSE 310', 'CE 624']"
19510462,Helena Felix,"['MA 603', 'HS 632']"
20510012,Rodney Castro,['MSE 625']
19110079,Eloise Novak,['MA 603']
20520548,Bishop Odom,['MA 605']
23520905,Laylani Swanson,"['CH 401', 'MSE 625']"
19520897,Hugo Bradley,"['MA 605', 'CS 303']"
23520171,Vanessa Cannon,['ME 321']
20510240,Archie Durham,"['CE 304', 'MA 624']"
21520255,Tiffany Schmidt,['CL 604']
22110871,Zayden Meyer,"['ES 623', 'MSE 625']"
21110137,Sara Parsons,"['CH 401', 'CL 628']"
23510502,Lewis Ross,"['CL 221', 'MA 605', 'ES 415']"
19510432,Peyton Simpson,['MSE 625']
23520024,Elliott Lowe,['ME 321']
21520435,Amari Ward,['ES 613']
21520436,Jameson Yu,['MA 603']
21520336,Navy Larson,['CL 221']
21520372,Rafael Marshall,"['CE 304', 'CS 303']"
21520167,Adalyn Maynard,"['CS 303', 'MS 404']"
23110796,Landry Tapia,"['HS 649', 'EH 614']"
20110444,Michaela Ibarra,"['CH 401', 'MA 605']"
21110909,Asa Peralta,['MS 404']
23520623,Malayah Blanchard,['MSE 625']
21110855,Adler Watkins,['MA 603']
23510257,Lola Newton,['MA 603']
23510490,Santino Friedman,"['HS 649', 'ES 415']"
20110632,Aspyn Williamson,['ES 243']
20110952,Emerson Haley,['ME 321']
19110231,Addilynn Zuniga,"['EH 617', 'CL 628']"
20110435,Sincere Yang,"['EH 614', 'CH 401']"
20520689,Angelina Patton,['CL 628']
21520701,Moises Compton,['MA 605']
23110948,Elina Weeks,['ES 243']
21110905,Anders Calderon,"['MSE 310', 'ES 623']"
23510577,Serena Hines,['MSE 310']
22110594,Uriel McKee,['CS 303']
19110723,Kori Velazquez,['MSE 401']
20510915,Drew Roach,"['CL 604', 'MA 605']"
20110602,Lyanna Lang,['HS 643']
20520147,Wells Barnes,['HS 649']
22110078,Liliana Holloway,"['ME 636', 'PH 607']"
19110256,Sutton Lowe,['PH 607']
21520504,Amari Fisher,"['EH 617', 'MA 605']"
19510564,Gael Prince,"['CS 303', 'MS 404']"
23520482,Greta Patrick,['CH 401']
23520777,Derrick Barnett,"['MA 624', 'CE 636']"
20520304,Harlow Delacruz,['ES 623']
20110655,Memphis Guerrero,['ES 243']
22510195,Margot Benjamin,['ME 636']
20110773,Kyro Holmes,['MSE 310']
19510485,Bailey Magana,"['MSE 209', 'EH 614']"
23520015,Rey Lu,"['ES 623', 'ES 415']"
22520893,Emani Charles,"['CE 624', 'ES 415']"
21520486,Conrad Frazier,"['CL 604', 'MSE 625']"
20110395,Octavia Small,['ES 243']
20110609,Rudy Munoz,['EH 617']
23110077,Kehlani Lucas,"['ES 613', 'ES 415']"
19510748,Chance Gardner,['MSE 401']
23510607,Jordyn Tate,['CL 628']
23110347,Dalton Salinas,['HS 643']
22520005,Royalty Gibbs,"['MA 624', 'MA 605']"
21520178,Deacon Nielsen,"['ES 415', 'CE 636']"
21110935,Vienna Rose,['CE 304']
20520582,Hayden Jacobs,"['CL 628', 'MSE 625']"
23520151,Camilla Sharp,"['MA 603', 'MA 605']"
19520610,Royce Shelton,['MA 624']
21510343,Makenzie Butler,['MA 603']
23110490,Ryder Rowe,"['CL 221', 'HS 649']"
21510714,Matilda Wilkerson,"['MS 404', 'CE 304']"
20520125,Carmelo Manning,"['CG 506', 'MA 605']"
22110072,Jennifer French,"['ME 636', 'EH 614']"
21510009,Corey Wilkerson,['ES 243']
22520871,Janiyah Palacios,"['MS 404', 'MSE 625']"
22510900,Thaddeus Lim,"['EH 617', 'CG 506']"
19520648,Giavanna Daugherty,['MSE 310']
21520565,Turner Nicholson,['MSE 625']
23510056,Justice Hughes,"['EH 614', 'HS 632']"
22110707,Everett Valdez,"['MSE 209', 'ES 623']"
21110053,Diana Middleton,"['ES 613', 'ES 415']"
19510207,Misael Collier,"['CE 636', 'CS 303']"
23110853,Ivory Kennedy,['MA 603']
22510822,Maxwell Brandt,"['ES 613', 'MA 605']"
20510346,Loretta Lam,"['CL 604', 'MSE 625']"
20510908,Bodie O’Neill,"['MSE 310', 'HS 649']"
22520327,Kenna Silva,['MA 605']
23510543,Luka Garrison,"['HS 643', 'CL 604']"
20510796,Cadence Meadows,['MSE 401']
21110762,Wayne White,"['HS 632', 'MA 605']"
22510073,Layla Chung,"['ME 321', 'PH 607']"
19110190,Ira Berg,['ES 613']
22510648,Emmalyn Delarosa,['HS 643']
23110641,Osiris Chen,['MA 603']
20510874,Valeria McKee,['MS 404']
23510341,Bjorn Welch,"['CL 221', 'CS 303']"
20510462,Amira Hoffman,['MS 404']
20510983,Steven Jacobson,['EH 617']
19510720,Royal Clayton,"['CL 628', 'ES 415']"
22110979,Boston Wilson,['MA 605']
22520984,Luna Collier,"['MA 624', 'EH 614']"
23110851,Edison Ramos,"['CG 506', 'CL 628']"
19510146,Alice Crawford,['MA 603']
20110799,Kevin Shelton,['MSE 401']
21110738,Makenzie Castaneda,['ES 613']
21110495,Collin Butler,"['MSE 310', 'CE 636']"
23510935,Athena Daugherty,"['HS 649', 'CS 303']"
19510420,Turner Soto,"['EH 617', 'CL 628']"
21510683,Brynlee Austin,"['CG 506', 'ES 415']"
19510268,Omar Bell,['ES 415']
19110875,Melody Sloan,['PH 607']
22110769,Ocean Delacruz,['MSE 209']
22520160,Celine Meza,['CG 506']
23520774,Lucian Villanueva,['ES 243']
23110656,Monroe Simpson,['MS 404']
19110541,Elliott Montes,['HS 649']
19510802,Roselyn Marshall,['MA 603']
22520952,Kaiden Solomon,"['HS 643', 'CE 304']"
22110302,Mylah Quinn,['MSE 625']
19510314,Rhys Whitaker,['MA 605']
21110423,Ivanna Nguyen,"['MA 605', 'HS 632']"
21510585,Gabriel Ball,"['HS 643', 'CS 303']"
19110988,Abby Mayer,"['EH 617', 'ES 623']"
22510459,Yahir Walton,['CH 401']
19510082,Scarlet Reeves,['MA 603']
22510767,Clark Tate,['MA 603']
23110408,Skye Truong,"['CL 221', 'HS 632']"
23510619,Ayan Maldonado,"['MA 603', 'HS 632']"
19510265,Elaina Smith,"['CH 401', 'HS 632']"
21520709,Liam Lugo,"['MSE 310', 'PH 607']"
20520037,Kaylie Rosales,['MSE 310']
23520334,Wilder Travis,"['MS 404', 'MSE 625']"
22520700,Mazikee House,['HS 632']
21110239,Yehuda Travis,['EH 617']
23110142,Mazikee Hardy,"['ES 243', 'ES 623']"
20510198,Jayceon Todd,['ME 321']
20110843,Zariah Nielsen,"['CE 304', 'HS 649']"
23520175,Tru Rocha,['CH 401']
22520208,Emmie Weiss,['CH 401']
19520334,Koa Burgess,['EH 617']
22520523,Emory Munoz,['MA 605']
21110029,Justin Reilly,['PH 607']
20520536,Tori Lim,"['CL 604', 'CG 506']"
20510040,Cal Simpson,['MSE 310']
23510258,Anastasia Cox,['MSE 310']
22520911,Connor Benjamin,['MA 603']
22520210,Jianna Schultz,['CL 604']
23510039,Cody Love,['ES 623']
23520294,Avianna Caldwell,['HS 632']
22520008,Rylan Levy,['ES 623']
23520678,Flora Case,['PH 607']
19110730,Bentlee Serrano,"['MA 624', 'CL 628']"
19110404,Allie Delgado,"['CL 604', 'ES 623']"
21510576,Colt Ellis,"['ME 636', 'PH 607', 'CG 506']"
19110745,Ayla Malone,['PH 607']
19520369,Ruben Watts,['CL 221']
20520573,Melissa Person,"['HS 643', 'MSE 625']"
21520260,Moses Walter,['EH 617']
23510667,Penny Lugo,['EH 617']
19110026,Santos Bartlett,"['MS 404', 'PH 607']"
23110674,Aubrielle Wells,['HS 643']
23110764,Max Andersen,['MSE 209']
21510297,Zoie Ventura,['MSE 625']
20520785,Branson Cameron,['CL 604']
23520542,Julie Park,['ES 623']
20520104,Daxton Bates,['MA 603']
21110413,Madilyn Day,"['MSE 310', 'MS 404']"
19520122,Kayson Dorsey,['MSE 209']
19520246,Addyson Lynn,['ES 613']
19510674,Zechariah Cervantes,"['CL 221', 'CE 304']"
21520866,Aylin Ford,"['CS 303', 'CL 628']"
23520653,Luis Travis,"['CL 221', 'MS 404']"
21520009,Mazikee McGee,['HS 649']
23110951,Conner Copeland,['CH 401']
21510920,Dayana Day,['CH 401']
19110352,Kayson Hail,"['HS 643', 'HS 632']"
19520407,Lainey Lawrence,['MSE 625']
22520608,Kaleb Cortez,['MA 603']
22520975,Haven Vang,['ES 613']
22110811,Jimmy Howell,['ES 413']
21510042,Mckenna Cruz,"['HS 643', 'ES 415']"
22520585,Ryan Reynolds,['ME 636']
22110129,Isabelle Harris,['CH 401']
19510598,Samuel Walters,['ME 321']
22110410,Samara Ali,"['PH 607', 'CG 506']"
20110032,Arjun Krueger,['CL 604']
22520302,Kamari Jennings,['ES 243']
22110987,Corbin Jensen,['ES 613']
21520596,Jane Brady,['ES 623']
20110565,Reed McKay,['MA 624']
20110930,Leanna Murphy,['ES 413']
20520348,Cameron Frye,['MA 603']
21110527,Raya McCarty,['PH 607']
22110539,Blaise Conrad,['EH 617']
22520038,Bexley Jacobson,['MSE 209']
23520518,Legacy Nichols,"['MA 624', 'CS 303']"
23520808,Aliyah Reed,['HS 649']
20510848,Easton Walker,"['ME 321', 'CE 624']"
22520308,Hazel Glover,['HS 643']
20110755,Mack Serrano,['CL 221']
21510781,Allie Barnes,['HS 649']
21520883,Damian Ward,['CL 604']
22510638,Ariana Stuart,['ME 321']
23510380,Dion Black,"['MA 624', 'CS 303']"
20110229,Molly Lozano,['CH 401']
20510503,Boone Knox,"['MSE 401', 'CE 304']"
20510959,Kallie Romero,"['ES 243', 'CS 303']"
19510927,Bryson Hall,['CS 303']
21520183,Leah Marsh,"['MA 603', 'MA 605', 'CE 636']"
22110905,Bo Lewis,"['MSE 310', 'ES 623']"
23510161,Ellie Green,['CS 303']
19510448,Anthony Salinas,['CL 604']
21520951,Royalty Quinn,['MA 603']
19510732,Rhys Church,['ES 613']
19510322,Ayleen Trejo,['MA 605']
19520051,Wesson Parrish,['CL 628']
19510183,Tiana Larson,['MA 605']
19520445,Rafael Cohen,['HS 643']
21510580,Destiny Ware,['MSE 625']
21520595,Tadeo Owens,"['MSE 310', 'MS 404']"
23110887,Amaya Roberson,['ES 243']
20510187,Shepherd Willis,['CL 604']
20510668,Alexa Ramirez,"['ME 321', 'EH 614']"
22520967,David Hanna,"['ES 613', 'ES 415']"
19520561,Cynthia Espinosa,"['MSE 625', 'HS 632']"
22510080,Khalid Moyer,['HS 632']
19110624,Zola Trejo,['MSE 209']
19520257,Wesson Stanton,"['CS 303', 'PH 607']"
23510192,Jaycee Mills,['ES 623']
23110973,Alex Deleon,"['MA 624', 'CE 636']"
21510886,Gabrielle Peck,['CE 304']
20110245,Yousef Singleton,"['CH 401', 'CS 303']"
21520109,Malaysia Huynh,['EH 617']
19520885,Layton Gonzalez,"['CE 636', 'CS 303']"
20510429,Abigail Gomez,['CL 604']
20110525,Isaiah Olson,['MSE 209']
22510618,Isabel McMillan,['MA 603']
21520536,Rocky Nava,['MA 624']
23520291,Scout Lozano,['MSE 209']
22110124,Boone Noble,"['ME 636', 'ES 415']"
19510813,Hunter Maxwell,['EH 617']
21510508,Eden Hawkins,['ME 636']
22520328,Ariel Gates,['CL 221']
19110746,Ermias Keller,"['ES 613', 'HS 649']"
22520915,Logan Barber,['CS 303']
21510554,Solomon Davidson,['HS 643']
20510453,Jayla McMillan,"['MS 404', 'CE 304']"
22110055,Rocky Vu,"['MSE 401', 'MA 605']"
20520153,Kimora Sloan,"['MA 603', 'ES 623']"
21510459,Ocean Villalobos,['EH 617']
21520329,Zoya Corona,['MA 624']
20520810,Darian Lin,"['MA 624', 'HS 632']"
19110527,Makenna Flores,"['HS 643', 'PH 607']"
23110705,Lincoln Moss,"['MA 624', 'ES 415']"
22510533,Bianca Cervantes,"['ME 321', 'EH 614']"
22510964,Kamari Higgins,['MA 624']
23520814,Leighton Barron,"['ES 243', 'MA 605']"
23520942,Dustin Ray,"['MA 603', 'CE 304']"
23510108,Ruth Peterson,['CL 628']
19110088,Santiago Nava,['CE 636']
22510249,Scout Johns,['CS 303']
20110458,Joziah Meza,['EH 614']
20510347,Rosa Gomez,['ES 613']
20520462,Isaiah Trevino,"['MSE 310', 'MS 404']"
20520440,Priscilla Mosley,"['EH 617', 'CH 401']"
19510644,Rayden Munoz,['CL 628']
22520383,Kehlani Mendoza,"['CL 628', 'CE 636']"
23110300,Dominic Howell,['EH 617']
19110634,Mckenna Hobbs,['CG 506']
20110282,Brendan Yu,['HS 632']
21510906,Navy Kline,['EH 617']
23520082,Ramon Truong,['MSE 310']
20110271,Judith Nicholson,"['MA 624', 'PH 607']"
20510458,Rodrigo Alvarado,['HS 643']
21520200,Blake Daniel,['ME 636']
21520571,Grady Macdonald,['MSE 625']
19110097,Rosalia Lloyd,"['ME 321', 'MA 605']"
22510699,Zaire Mills,['CL 628']
21520567,June Portillo,['ME 636']
23110707,Wallace Goodman,"['MSE 625', 'CG 506']"
22510350,Carolina Kaur,"['ME 321', 'HS 649']"
19110368,Augustine Maddox,"['CG 506', 'CS 303']"
23520208,Zainab Thompson,['MSE 310']
23510178,Theodore Williams,"['MA 603', 'HS 632']"
23510944,Ava Flynn,"['MSE 401', 'MSE 625']"
21510993,Kannon Lucero,['ME 321']
23520260,Ila Elliott,['MSE 625']
23520738,Blake Donovan,"['CS 303', 'ES 415']"
22510932,Azariah Bean,"['MSE 209', 'CL 628']"
21510689,Mccoy Garcia,['ME 321']
22520568,Amelia Hoffman,"['ES 243', 'CE 636']"
20110835,Steven Proctor,['PH 607']
22110269,Chandler McIntosh,['CL 221']
20510009,Kristian Carlson,"['CL 628', 'MSE 625']"
21110070,Kali Cortez,['HS 649']
23520372,Zayn Horne,['MSE 310']
20510539,Marlowe Lawson,"['ME 636', 'MS 404']"
21510038,Lane Riley,"['MS 404', 'CG 506']"
20110003,Kayla Hurst,['ES 415']
20510592,Neil Morris,"['ME 321', 'CL 628']"
23110407,Genesis Ballard,"['MA 603', 'CH 401']"
23110375,Kenzo Blankenship,['ES 243']
22110819,Rosalee Frye,"['ES 613', 'ES 623']"
19110173,Franco Stokes,"['CS 303', 'ES 623']"
19520455,Miranda Sherman,['ES 243']
21110006,Adan Vo,"['CG 506', 'MS 404']"
22520604,Artemis Ball,"['ME 321', 'ES 623']"
23520872,Shane Vargas,"['CH 401', 'CE 636']"
23110578,Andrea Trujillo,['ES 613']
22510389,Apollo Prince,['PH 607']
23110229,Greta Stone,['ME 321']
21110911,Finn Wilcox,"['ME 636', 'CE 304']"
22110668,Ashlyn Stephenson,"['ME 321', 'ES 415']"
20110698,Joe Sullivan,"['HS 643', 'CS 303']"
22110466,Melanie Cortes,['CE 636']
20520312,Banks Hood,"['MA 603', 'HS 649']"
23520597,Briana Morris,['MSE 401']
19520592,Christian Potts,['ME 636']
23510883,Ellison Browning,['CH 401']
22510998,Rohan Parks,"['CL 604', 'HS 632', 'ES 415']"
22520393,Ainsley Soto,"['CL 221', 'CS 303']"
22510931,Barrett Parra,"['ES 243', 'MA 605']"
21110920,Dalary Parks,['CL 604']
21520817,Gianni McIntosh,['MA 603']
21520629,Gwen Bean,"['MSE 310', 'MSE 625']"
19510821,Mccoy Bishop,"['MA 603', 'EH 614']"
22520575,Brooklynn Glass,['MSE 209']
19510590,Allan Vega,['PH 607']
20510576,Dakota Fletcher,['CL 221']
23110261,Jay Ortega,['ES 243']
20510292,Lilah Schroeder,['CL 628']
22520818,Izaiah Liu,['CE 636']
22510977,Kate Jordan,"['CL 628', 'EH 614']"
19520008,Sawyer Franklin,['PH 607']
19110658,Angela Reyes,['CH 401']
21520014,Eli Montes,"['ME 321', 'MS 404']"
21110774,Roselyn Strong,['CL 604']
20510218,Axl Beard,['CH 401']
23520505,Ezra Ibarra,"['CH 401', 'HS 649']"
21520179,Asa Schmidt,['CL 628']
22520049,Kimberly Carson,"['MA 603', 'CE 304']"
23520648,Ares Rowe,['PH 607']
22520309,Matilda Gould,['ES 613']
21110675,Blaine Cobb,"['ES 415', 'ES 623']"
21520968,Aviana Nicholson,['MA 603']
22110700,Rodrigo Romero,['ES 243']
19520882,Eliza McDowell,['CE 636']
21520744,Lachlan Spears,"['CS 303', 'CE 636']"
22110640,Isabela Nash,['MA 624']
20110653,Chandler Huynh,['CL 604']
22520296,Oaklee Moon,['HS 632']
23110311,Nova Porter,['MSE 209']
21110131,Ryleigh Delarosa,['MA 603']
22110526,Osiris Hail,"['MA 624', 'CL 628']"
20520621,Lainey Lozano,['EH 614']
21110065,Boone Harrell,['EH 617']
23110427,Kara West,"['PH 607', 'HS 632']"
22110097,Diego Duffy,"['HS 643', 'ME 636']"
20110804,Addisyn McClure,['CH 401']
19110844,Reese Everett,"['ME 321', 'MS 404']"
20510826,Noah McKenzie,['EH 614']
19520704,Scott Jefferson,"['ES 613', 'MA 605', 'ES 415']"
23510745,Julieta Frye,['EH 617']
21110461,Franco Dyer,['HS 649']
19520904,Estrella Knapp,['MA 624']
23520829,Boden Durham,"['CL 628', 'CG 506']"
22510432,Tiffany Rollins,['PH 607']
22520659,Wes Walter,['MA 624']
20520262,Penny Clark,"['EH 617', 'CL 628']"
23510927,John James,"['MSE 209', 'MS 404']"
20110318,Quinn O’Donnell,"['ES 243', 'CE 636']"
20520998,Lian Cummings,['HS 643']
20110348,Nylah Sherman,['MA 603']
19110199,Adan McDowell,['HS 643']
22520833,Rayna Hughes,"['ME 321', 'MS 404']"
20510298,Everett Fischer,['ES 243']
19510053,Maci Hartman,['MA 624']
20510059,Baker Paul,"['EH 617', 'MSE 625']"
20510689,Daphne Dodson,['ES 623']
20520664,Seven Pennington,['PH 607']
19510502,Yareli Brooks,"['MSE 401', 'CE 304']"
20510057,Jordan Velazquez,['ME 321']
22520195,Jaliyah Meadows,"['MA 624', 'CS 303']"
19520209,Wayne Cline,"['CH 401', 'MSE 625']"
20510885,Lina Hinton,['ES 613']
22110675,Frankie Chapman,['EH 617']
23520404,Zuri O’Neill,['MA 624']
19110145,Marcel Hogan,['MA 624']
23110872,Kathryn Delgado,"['CE 304', 'ES 415']"
20520761,Colt Carson,"['MSE 401', 'HS 649']"
19510365,Nalani Meyers,['HS 649']
20520551,Julien Harrell,['ES 415']
23510546,Kara Burke,['MSE 401']
19110886,Jax Lucas,['PH 607']
20510037,Phoenix Ventura,"['HS 649', 'ME 636']"
19110033,Branson Richard,"['HS 643', 'CS 303']"
19520159,Davina Nava,"['EH 617', 'CS 303']"
20520156,Stefan Hanson,['MSE 209']
20510028,Mariana Hale,['ME 321']
23520827,Ezequiel Fowler,['MSE 310']
23520705,Lennon Benton,['MA 605']
20110971,Jamal Terry,['CL 628']
20520135,Wren Kirk,['CL 628']
22110549,Alessandro Munoz,"['HS 643', 'MSE 625']"
22110175,Kehlani Hurst,['MSE 310']
23520793,Neil Nava,['MA 624']
20110852,Scout Harper,"['CE 304', 'MS 404']"
19520492,Hayes Francis,['MA 624']
23110972,Daniella Andersen,['ES 243']
20510955,Alistair Barrera,['HS 643']
23520422,Beatrice Boyer,"['ME 636', 'CG 506']"
19510425,Zeke Webster,['CL 221']
23520091,Kensley Abbott,['EH 617']
22520098,Kohen Moran,['MSE 625']
19110740,Celeste Mercado,['CH 401']
21510371,Abram Castillo,['MA 603']
21110765,Eva Molina,"['CL 604', 'MA 605']"
19110525,Prince Coleman,['CE 636']
20520481,Julia McKay,"['ME 321', 'HS 649']"
21520648,Joey Luna,"['MSE 401', 'CS 303']"
20110330,Journey Norman,['CE 304']
22520295,Aziel Meadows,"['ES 243', 'ES 415']"
20110190,Pearl Hall,['ES 415']
23110417,Thomas Hester,['ES 243']
21520605,Zendaya Pena,"['CH 401', 'MSE 625']"
19510392,Marcus Dennis,['CH 401']
21510445,Maisie Fleming,"['MSE 625', 'CE 636']"
23520635,Fernando Cunningham,"['ES 415', 'MA 605']"
20110715,Marley Clark,"['MSE 310', 'CE 304']"
20510124,John Hogan,['CE 624']
22520365,Kathryn Montes,['HS 649']
20110724,Darren Holmes,"['MA 603', 'MA 605']"
21520275,Bailey Crosby,['ME 636']
22510502,Tristen Benton,['CH 401']
21110462,Anais Torres,"['ES 613', 'CS 303']"
23510070,Jayden Black,['ME 636']
19510900,Molly Leonard,['ES 613']
22510164,Ricardo Cruz,['MSE 625']
19520714,Claire Knight,['CL 604']
19520152,Beckett Blackburn,['MSE 209']
19510100,Frida Avery,"['MA 603', 'CE 304', 'ES 415']"
22520810,Jakari Manning,"['CE 304', 'ES 415']"
19110498,Jennifer Walls,"['MA 603', 'CE 304']"
22510356,Larry Chase,"['CE 304', 'CE 636']"
20110068,Angie Simpson,['CE 636']
22110265,Elliott Thompson,['ME 321']
19110182,Madison Adams,['CH 401']
21520189,Hudson Wiley,['ES 613']
19510114,Lauryn Monroe,"['ES 613', 'CG 506']"
21110525,Colby Mills,"['PH 607', 'ES 623']"
20520126,June Strong,['MA 624']
20110041,Axl Parsons,['ME 321']
21520245,Maia Johnson,['MSE 209']
23520256,Noah McDaniel,['CS 303']
21510073,Dahlia Parker,"['MSE 209', 'CS 303']"
19110336,Caleb McKinney,['CL 221']
19520269,Gwendolyn Norman,['CL 221']
19110764,Aziel Fitzgerald,['MSE 209']
22110812,Marlee Weiss,"['ME 636', 'MSE 625']"
19510281,Koa White,['EH 617']
23510043,Layla Kim,['MSE 209']
21520120,Roman Wilson,"['HS 643', 'ES 415']"
23510120,Luna Flynn,['CE 304']
19520724,Kannon Orozco,"['CE 304', 'HS 632']"
22110225,Renata McIntyre,['HS 649']
19110912,Eliseo Parrish,"['CL 604', 'CE 624']"
21520714,Tiana Arroyo,['EH 617']
23110908,Alberto Tapia,"['MSE 401', 'MA 605']"
22510174,Michaela Stephens,['MSE 310']
23510250,Messiah Middleton,['HS 643']
21510957,Madalyn Hudson,"['MA 603', 'CE 636']"
19510037,Peter Hayes,['CL 628']
19520763,Iris Humphrey,['MA 624']
19110061,Krew Poole,"['MA 624', 'CS 303']"
22520348,Bonnie Dougherty,['CS 303']
20110838,Brett Hogan,"['ES 243', 'ES 415']"
19520456,Kathryn Hunt,"['HS 643', 'CS 303']"
19110632,Jesus Harvey,"['MSE 401', 'CH 401']"
20520620,Nicole Mora,['MS 404']
23110315,Arturo Faulkner,['EH 617']
20510895,Ansley Pittman,['HS 643']
23510778,Valentino Garrison,"['ES 243', 'CE 304']"
19110159,Cadence Cano,"['MSE 209', 'MSE 625']"
23510045,Terry Solomon,['PH 607']
20110248,Mylah McIntosh,['EH 614']
23510606,Kristian Huff,"['HS 643', 'CE 304']"
23510130,Karsyn Lynn,['MSE 401']
22510439,Zechariah Stevenson,['CL 221']
23110943,Regina Butler,"['MA 624', 'MS 404']"
20110313,Ryder Gill,['MA 624']
20510251,Jordan Espinosa,['PH 607']
23520594,Khalid Eaton,"['MSE 310', 'MA 605']"
19510568,Miley Sexton,"['ME 321', 'MA 605']"
20520492,Mylo Moore,['CS 303']
20110179,Emily Delarosa,['MA 624']
23110572,Osiris Sheppard,['ES 613']
22110711,Veda Castillo,"['ES 623', 'ES 415']"
19510458,Kai Lamb,['HS 643']
20110484,Amaia Calhoun,"['ES 613', 'ES 415']"
21110605,Gary Johns,"['CL 628', 'HS 632']"
19520036,Giovanna Navarro,['HS 649']
20510846,Reid King,"['EH 617', 'HS 649']"
22520138,Victoria Reynolds,['ME 321']
22510619,Vincent Paul,['EH 617']
23110449,Daphne Contreras,"['ES 613', 'CL 628']"
21520581,Emilio Waters,['ES 613']
21520741,Bristol Richard,['HS 643']
20520959,Ahmed Benitez,['EH 617']
19510088,Aliza Oliver,['MSE 625']
22110359,Karson Harmon,"['HS 649', 'MS 404']"
23520822,Maren Bryant,"['ES 613', 'MSE 625']"
22110137,Jonah Cuevas,['CH 401']
23520299,Adele Nunez,"['MS 404', 'CL 628']"
19510292,Caden Campbell,"['MA 605', 'ES 415']"
21520675,Addison Fleming,['CE 304']
23110334,Fernando Beasley,['MSE 401']
23520420,Jaylah Cain,['CL 628']
22520280,Benson Conley,"['HS 643', 'MA 605']"
21510673,Salem Reilly,"['CH 401', 'EH 614']"
19520649,Alvaro Waller,['ES 243']
20110809,Whitley Sexton,"['CH 401', 'MA 605']"
22520707,Mylo Butler,['CS 303']
21520055,Athena Durham,['CL 604']
20520707,Kellen Ford,"['HS 632', 'MA 605']"
19520559,Alexandra Bonilla,"['MSE 209', 'MS 404']"
23520964,Aden Jaramillo,['ES 613']
19510236,Guadalupe French,"['ME 636', 'MS 404']"
19520930,Corey Camacho,['MA 603']
19110322,Armani Huff,['CH 401']
21520238,Finnley Hubbard,['MA 603']
22110900,Rosie Bautista,['MSE 401']
20510271,Raul Long,['EH 617']
21510156,Jade Nielsen,['HS 643']
19110049,Tru Combs,['MA 624']
21110234,Irene McDonald,"['ME 636', 'CL 628']"
23510432,Calvin Steele,"['MSE 401', 'ES 623']"
23110451,Rylie Nguyen,['CL 221']
19510170,Gabriel Ward,['ME 321']
20520095,Ariana Vu,['MA 603']
20510094,Kamdyn Reese,"['MA 605', 'HS 649']"
22110052,Rosemary Curry,['HS 643']
21110002,Briggs Turner,['CS 303']
23520144,Brooklyn Kline,['MSE 401']
21520160,Ramon Stein,"['ES 613', 'EH 614']"
19110046,Leilany Nguyen,['MA 624']
19110393,Gabriel Hurst,"['CL 604', 'ME 636']"
22520140,Adalee McCarty,['HS 643']
21110182,Blaise Hutchinson,"['CL 604', 'CE 636']"
20110339,Jamie Burch,"['ES 613', 'EH 614']"
21520813,Gerald Richard,['CL 221']
20520327,Davina Wang,['CL 604']
22110950,Cohen Rasmussen,['CG 506']
22510513,Esperanza Mitchell,['HS 649']
22520486,Jaxon Stokes,"['MSE 209', 'MSE 625']"
23510468,Miranda Reid,['ME 636']
23510399,Josue Deleon,"['EH 617', 'CL 628']"
19510673,Gabrielle Barr,['ES 413']
23520918,Harley Black,['HS 649']
22510955,Molly Black,['EH 617']
20510013,Matteo Rollins,"['HS 643', 'MSE 625']"
23520177,Araceli Hurley,['MSE 209']
23110660,Van Estrada,['ME 636']
22510804,Sawyer Rich,['CS 303']
21110847,Miller Golden,"['HS 643', 'MS 404']"
19520679,Giuliana Franco,['PH 607']
20520259,Gage Hinton,"['MSE 209', 'CL 628']"
21520349,Jaelynn Richmond,"['HS 643', 'MA 605']"
19510808,Mordechai Aguilar,"['MSE 310', 'MSE 625']"
19110048,Josie Lamb,"['CL 628', 'CE 304']"
23510700,Kaysen Crosby,"['ES 243', 'CS 303']"
21110194,Keily Vo,['MSE 401']
23520474,Gordon Nava,['ES 243']
19510449,Scout Reynolds,['ME 321']
23520720,Vincent Briggs,['CL 604']
19510909,Alia Mitchell,['PH 607']
22110847,Jaxon Olson,['HS 643']
22110607,Isabel Pruitt,"['ES 613', 'ES 415']"
19520626,Gatlin Bell,"['EH 617', 'CS 303']"
22110813,Melody Hayden,"['MSE 310', 'PH 607']"
21520428,Leroy Dunlap,"['HS 649', 'MS 404']"
21520803,Iliana Wilcox,['ME 636']
21520237,Jerry Trujillo,['HS 649']
22510308,Danielle Marquez,"['CH 401', 'CE 636']"
20510521,Malakai O’Connor,['EH 617']
20110401,Charli Khan,['MSE 310']
19520057,Kendrick Bowman,['MA 624']
21520671,Fiona Briggs,['HS 643']
20520681,Case Schmitt,['MA 624']
22510263,Queen Perez,['ES 623']
19520096,Owen Lucas,['ES 623']
23110866,Phoenix McConnell,"['HS 643', 'HS 649']"
23520650,London Boyle,"['MA 605', 'CE 304']"
21520617,Aliya Christian,"['MA 603', 'ES 413']"
21510605,Ledger Hickman,"['PH 607', 'ES 413', 'CE 636']"
21110810,Scarlette Mahoney,"['EH 617', 'CS 303', 'CG 506']"
20110412,Kamryn Hinton,"['MSE 209', 'CH 401']"
22110039,Jaelynn White,"['HS 649', 'ME 636']"
19520580,Aiden Hudson,"['MSE 310', 'MA 605']"
21510929,Kamila Strong,['EH 614']
20520444,Axl Powers,['MSE 209']
20520588,Michelle Pennington,"['ES 243', 'CG 506']"
23520596,Bobby McCall,"['ES 623', 'EH 614']"
22520272,Kai Grimes,"['MSE 625', 'HS 632']"
23110499,Harlan Cochran,['CL 221']
23520701,Alma Benitez,"['EH 617', 'MSE 625']"
21520933,Justice Knox,"['ES 623', 'ES 415']"
20110679,Kallie Cantu,"['MA 624', 'ES 413', 'ES 415']"
23520879,Anakin Schmidt,"['PH 607', 'ES 415']"
19110388,Kimberly Henson,"['MA 624', 'CL 628']"
22520668,Bellamy Lee,['MSE 401']
22510969,Scarlett Vo,['PH 607']
23110022,Gordon Travis,"['CL 628', 'CE 304']"
22110444,Mazikee Zamora,['MA 603']
21520828,Quentin Jensen,"['MA 603', 'MSE 625']"
23510059,Jane Kemp,"['HS 649', 'CG 506']"
19510671,Melvin Wilcox,"['HS 643', 'MSE 625']"
22510361,Ashlyn Velazquez,['ME 636']
22510024,Drew Moreno,['ES 413']
19520194,Mary Coffey,['CH 401']
22510614,Kody Waller,['CL 221']
20520601,Whitley Logan,"['ME 321', 'CE 304']"
19520415,Rocco Manning,"['CH 401', 'CE 636']"
19110529,Jennifer Lester,"['ME 636', 'CE 304']"
20520667,Lee Montgomery,['ME 321']
19510324,Evangeline Payne,"['MA 603', 'CG 506']"
22520165,Edward Watts,"['CL 221', 'HS 649']"
21510330,Melissa Marsh,['HS 649']
23510913,Bo Zhang,['MSE 310']
22110365,Sarai Bennett,"['CL 604', 'EH 614']"
22110851,Leonardo Whitney,['EH 617']
21510571,Madalynn Chung,['ES 243']
23110986,Ira Preston,['ES 623']
19520729,Indie Salgado,"['CL 221', 'MSE 625']"
20520792,Trace Foster,['CL 604']
19110016,Brielle Gillespie,['MSE 310']
20110297,Forest Flowers,['MSE 401']
23520264,Ariya Hampton,['MSE 310']
22510284,Hank Mayer,['HS 649']
21110680,Ainhoa Schwartz,"['CS 303', 'MSE 625']"
20510210,Edwin Joseph,"['MSE 401', 'PH 607']"
23110777,Gracelynn Booth,['PH 607']
23110185,Chaim Johnson,['ES 243']
21110125,Emma May,['EH 617']
21110846,Finley Allison,['MA 603']
19510912,Chelsea Daugherty,['CL 604']
22520777,Turner Escobar,['MA 624']
19110467,Erin Nixon,"['CH 401', 'ES 415']"
23510022,Cory Hammond,['MSE 401']
19510261,Holly Fox,['ME 636']
20110927,Antonio Ayala,"['HS 632', 'CE 624']"
19110472,Blair Huber,['MA 624']
22520091,Mac Felix,"['CH 401', 'CE 304']"
22510088,Paisleigh Aguirre,"['MSE 209', 'CS 303']"
20110034,Andy Branch,['MA 603']
21520935,Luisa Rodgers,"['MSE 209', 'CS 303']"
21510446,Mathias Kirby,"['MA 605', 'HS 649']"
20110620,Skyla McCann,"['MA 603', 'CE 304']"
19520551,Heath Bell,"['CH 401', 'CG 506']"
23110787,Melody Tran,"['MSE 209', 'HS 632']"
22110099,Braxton Knox,['ME 636']
21110592,Kallie Koch,"['PH 607', 'CL 628']"
20510263,Salvador Strickland,['ME 321']
22110783,Nia Ortiz,['EH 614']
20510085,Landon Hogan,"['CS 303', 'MS 404']"
22510393,Kathryn Hood,['HS 649']
19510803,Brixton Burch,['HS 643']
23510771,Freyja Hawkins,"['HS 649', 'CE 636']"
22520002,Victor Perkins,['ES 243']
19520052,Sage Zhang,['CH 401']
19510393,Isaias Hutchinson,"['CH 401', 'MA 605']"
19510409,Jamie Gibson,['MA 605']
19520011,Tyler Woodward,"['ES 613', 'CS 303']"
20110456,Drew Wang,['CH 401']
23110105,Cohen Khan,"['MSE 625', 'CS 303']"
19520115,Mabel Pruitt,['EH 614']
23510418,Gatlin Taylor,['MSE 209']
19510036,Sofia Donovan,['ES 623']
23510390,Brayan Ventura,"['CL 628', 'CE 304']"
22110210,Zora Newton,"['CE 304', 'CL 628']"
20110524,Santino Kaur,['MA 624']
21110154,Holland Miles,['EH 617']
19520574,Jared Horn,['MSE 209']
20110364,Avah Huff,"['HS 649', 'CE 304']"
23510023,Finnley Rosales,"['MSE 209', 'MA 624']"
20110055,Kinley Miranda,['MA 603']
23110966,Rory Suarez,['ES 623']
23510229,Jimena Moreno,['ES 613']
22520701,Myles Maldonado,['CL 604']
20110957,Elaina Quintero,['MA 624']
22110956,Thatcher Cobb,"['MA 624', 'CE 304']"
19510153,Aviana Cummings,['ES 243']
20510897,Raiden Randall,"['CL 628', 'CG 506']"
19510932,Christina Nguyen,['CL 221']
23510749,Gabriel Lyons,"['CL 221', 'HS 632']"
22510186,Kenzie Cobb,['ES 415']
22520362,Raphael Miller,"['CH 401', 'CE 636']"
22510880,Isabella Morrow,"['ES 623', 'CH 401']"
22510476,Kyree Barrera,"['PH 607', 'CL 628']"
22110430,Beatrice Morrow,['HS 632']
20110728,Kyree Martin,['MSE 310']
21110440,Mila Harris,"['ES 243', 'MA 605']"
21520966,Samuel Truong,['EH 614']
20110630,Judith Dodson,['MA 624']
20510597,Seven Wilson,['MSE 625']
23110182,Luna Brady,['ES 243']
19110045,Reed Trevino,"['MSE 401', 'CE 304']"
19510135,Priscilla Jacobson,"['MA 624', 'CE 636']"
19510582,Legacy Gilbert,['MA 624']
22510142,Jocelyn Perry,"['ES 243', 'CH 401']"
20520457,Waylon Harding,['ES 623']
19110402,Aniya Johnston,['MA 624']
22510404,Felix Parks,['CH 401']
20510212,Ainsley Strong,['ES 613']
19110627,Axl Turner,"['MSE 310', 'CE 636']"
22110386,Brooklyn James,['MA 603']
21510898,Jaxson Stevens,['CL 628']
23520479,Katherine Benson,"['ES 243', 'EH 614']"
21510184,Desmond Abbott,['HS 643']
20510723,Melany Walters,['ES 613']
19510266,Colson Velez,['EH 617']
22510649,Megan Vazquez,['CS 303']
21520247,Jesse Perkins,"['CL 628', 'ES 415']"
20510446,Sage Salgado,['ME 321']
21520603,Trace Pierce,"['MA 603', 'ES 415']"
21520460,Arabella Lewis,['PH 607']
19520414,Wyatt Leach,"['EH 617', 'CE 624']"
21510591,Martha Cook,"['CL 604', 'ME 636']"
23520029,Ezekiel Stout,['CL 604']
19510918,Chana Choi,"['ES 243', 'MSE 625']"
20110598,Khari Hanson,['CL 221']
20510696,Mariana Contreras,"['CG 506', 'ES 413']"
20520429,Emilio Barr,['PH 607']
22110454,Noemi Espinoza,"['ES 415', 'MSE 625']"
23110715,Dallas Gonzales,['MSE 209']
21510534,Hadley Shannon,['MSE 625']
19510008,Eliel Ware,"['MSE 401', 'MS 404']"
22520767,Eileen Jaramillo,['HS 649']
23110237,Riggs Whitaker,"['ME 636', 'HS 649']"
20510530,Ivanna Hodge,['MA 624']
19520910,Reign Shaffer,['MSE 401']
23520778,Alanna Holt,['EH 617']
20110790,Niko Mullins,['EH 617']
23510294,Maliyah Lane,"['MS 404', 'CG 506']"
23110085,Matias Kirk,"['ME 321', 'MA 605']"
23110026,Ellis Conrad,"['CL 221', 'HS 632']"
21110974,Dilan Goodman,['EH 617']
20110274,Carolina Rivera,"['MSE 401', 'CG 506']"
23510171,Charles Cox,['HS 643']
21510231,Sadie Booker,['MSE 209']
22520185,Dominik Schwartz,['ES 243']
21520345,Lilliana Jacobson,['CL 628']
23110268,Legacy Curry,"['MSE 209', 'CH 401']"
20510241,Alison Watts,['CL 604']
20110311,Dakota Owen,['MSE 401']
22510772,Mikayla Salinas,['MSE 310']
22520312,Edgar Xiong,['ES 243']
20510963,Amayah McIntosh,"['MA 603', 'CE 636']"
23510946,Kristian Patton,['MSE 209']
22110421,Lorelei Carr,['MS 404']
23510861,Kash Nolan,['MSE 209']
22520150,Itzayana Chapman,['CG 506']
23510894,Knox Lynch,['ES 613']
22520335,Malia Khan,['ES 415']
19110676,Kendrick Rangel,['PH 607']
23520710,Gloria Hoffman,['ES 613']
20110477,Steven Watts,"['MSE 209', 'ES 623']"
19510187,Melissa Rocha,"['MA 624', 'HS 649']"
20520655,Onyx Simon,['MA 603']
19110837,Kalani Hess,"['MA 603', 'EH 614']"
21110389,Lawrence Boyle,['HS 643']
23510934,Aliya Lindsey,['EH 617']
22520966,Jayson Richmond,['HS 632']
21510765,Whitney Bishop,['MSE 625']
23110075,Paxton Figueroa,"['ME 321', 'EH 614']"
21520107,Lilith Hall,['CL 221']
21110551,Thomas Strickland,"['ME 636', 'ES 415']"
22110152,Nia Floyd,"['MSE 401', 'CS 303']"
23510709,Pierce O’Neill,"['CL 628', 'HS 649']"
20110894,Kenna Blake,"['CL 221', 'CE 304']"
22110394,Zyaire Valentine,"['MSE 401', 'HS 632']"
20110993,August Mills,"['MSE 401', 'EH 614']"
19110174,Alex Rowe,['MS 404']
22110677,Matilda Ferguson,"['MA 603', 'MA 605']"
21510409,Miguel Mata,['MSE 310']
22520988,Lillie Peterson,['ES 243']
23520484,Santiago Dean,"['ES 623', 'CL 628']"
19520432,Julianna Drake,['MSE 209']
21510983,Jalen Crane,"['HS 649', 'HS 632']"
22110665,Della Stuart,"['CE 304', 'CS 303']"
22520722,Dion McConnell,['CL 221']
20520046,Denise Pacheco,"['ME 321', 'ES 623']"
19110691,Erik Drake,['HS 643']
21110422,Jayleen Waller,['CL 221']
23520089,Marley Gallagher,"['MSE 401', 'MA 605']"
20110577,Elliott Portillo,"['HS 643', 'CL 628']"
19110513,Wallace Aguilar,['ES 623']
20510660,Josie Zhang,['HS 649']
21520707,Isaias Bean,['HS 649']
23110489,Jenesis Rangel,['ME 321']
19110606,Saint Choi,['MSE 625']
23510739,Karla Peck,['MA 624']
23110614,Yousef Todd,['CL 604']
22510682,Zariah Freeman,"['CE 304', 'ES 413']"
23510997,Jayce Pacheco,"['ES 613', 'PH 607']"
19510772,Paris Roberson,['HS 649']
21510247,Shepherd Hanna,['HS 643']
21520171,Cynthia Skinner,"['ME 636', 'MA 605']"
20110520,Ridge Walton,"['ME 321', 'MSE 625']"
22110041,Scarlet Sanders,['PH 607']
20510775,Jose Yates,['CE 636']
